CREATE DATABASE  IF NOT EXISTS `pharmalinkdb` /*!40100 DEFAULT CHARACTER SET utf8mb4 COLLATE utf8mb4_0900_ai_ci */ /*!80016 DEFAULT ENCRYPTION='N' */;
USE `pharmalinkdb`;
-- MySQL dump 10.13  Distrib 8.0.31, for Win64 (x86_64)
--
-- Host: pharmacy-project-instance.c68bila3xqgq.eu-north-1.rds.amazonaws.com    Database: pharmalinkdb
-- ------------------------------------------------------
-- Server version	8.0.33

/*!40101 SET @OLD_CHARACTER_SET_CLIENT=@@CHARACTER_SET_CLIENT */;
/*!40101 SET @OLD_CHARACTER_SET_RESULTS=@@CHARACTER_SET_RESULTS */;
/*!40101 SET @OLD_COLLATION_CONNECTION=@@COLLATION_CONNECTION */;
/*!50503 SET NAMES utf8 */;
/*!40103 SET @OLD_TIME_ZONE=@@TIME_ZONE */;
/*!40103 SET TIME_ZONE='+00:00' */;
/*!40014 SET @OLD_UNIQUE_CHECKS=@@UNIQUE_CHECKS, UNIQUE_CHECKS=0 */;
/*!40014 SET @OLD_FOREIGN_KEY_CHECKS=@@FOREIGN_KEY_CHECKS, FOREIGN_KEY_CHECKS=0 */;
/*!40101 SET @OLD_SQL_MODE=@@SQL_MODE, SQL_MODE='NO_AUTO_VALUE_ON_ZERO' */;
/*!40111 SET @OLD_SQL_NOTES=@@SQL_NOTES, SQL_NOTES=0 */;
SET @MYSQLDUMP_TEMP_LOG_BIN = @@SESSION.SQL_LOG_BIN;
SET @@SESSION.SQL_LOG_BIN= 0;

--
-- GTID state at the beginning of the backup 
--

SET @@GLOBAL.GTID_PURGED=/*!80000 '+'*/ '';

--
-- Table structure for table `branches`
--

DROP TABLE IF EXISTS `branches`;
/*!40101 SET @saved_cs_client     = @@character_set_client */;
/*!50503 SET character_set_client = utf8mb4 */;
CREATE TABLE `branches` (
  `branch_id` int NOT NULL AUTO_INCREMENT,
  `branch_name` varchar(50) NOT NULL,
  `branch_location` varchar(50) NOT NULL,
  PRIMARY KEY (`branch_id`),
  UNIQUE KEY `branch_name_UNIQUE` (`branch_name`)
) ENGINE=InnoDB AUTO_INCREMENT=2 DEFAULT CHARSET=utf8mb4 COLLATE=utf8mb4_0900_ai_ci;
/*!40101 SET character_set_client = @saved_cs_client */;

--
-- Dumping data for table `branches`
--

LOCK TABLES `branches` WRITE;
/*!40000 ALTER TABLE `branches` DISABLE KEYS */;
INSERT INTO `branches` VALUES (1,'Main Branch','Funsi');
/*!40000 ALTER TABLE `branches` ENABLE KEYS */;
UNLOCK TABLES;

--
-- Table structure for table `items`
--

DROP TABLE IF EXISTS `items`;
/*!40101 SET @saved_cs_client     = @@character_set_client */;
/*!50503 SET character_set_client = utf8mb4 */;
CREATE TABLE `items` (
  `item_id` int NOT NULL AUTO_INCREMENT,
  `product_id` int DEFAULT NULL,
  `order_id` int DEFAULT NULL,
  `quantity` int DEFAULT '0',
  `item_cost` decimal(10,5) DEFAULT '0.00000',
  `total` decimal(15,5) DEFAULT '0.00000',
  `discount` decimal(5,5) DEFAULT '0.00000',
  PRIMARY KEY (`item_id`),
  KEY `product_id` (`product_id`),
  KEY `order_id` (`order_id`),
  CONSTRAINT `items_ibfk_1` FOREIGN KEY (`product_id`) REFERENCES `products` (`product_id`),
  CONSTRAINT `items_ibfk_2` FOREIGN KEY (`order_id`) REFERENCES `orders` (`order_id`)
) ENGINE=InnoDB AUTO_INCREMENT=759 DEFAULT CHARSET=utf8mb4 COLLATE=utf8mb4_0900_ai_ci;
/*!40101 SET character_set_client = @saved_cs_client */;

--
-- Dumping data for table `items`
--

LOCK TABLES `items` WRITE;
/*!40000 ALTER TABLE `items` DISABLE KEYS */;
INSERT INTO `items` VALUES (1,2,1,10,8.15000,81.50000,0.00000),(2,1,1,50,3.89000,194.50000,0.00000),(3,1,2,2,6.02950,12.10000,0.00000),(4,2,2,2,12.00495,24.00000,0.00000),(5,2,3,10,8.15000,81.50000,0.00000),(6,1,3,50,3.89000,194.50000,0.00000),(7,3,4,100,0.82000,81.50000,0.00000),(8,1,4,50,3.89000,194.50000,0.00000),(9,1,5,2,6.02950,12.10000,0.00000),(10,3,5,4,1.20737,4.80000,0.00000),(11,2,5,4,12.00495,48.00000,0.00000),(12,4,6,150,7.00000,1050.00000,0.00000),(13,6,6,30,24.00000,720.00000,0.00000),(14,7,6,30,18.50000,555.00000,0.00000),(15,8,6,30,17.00000,510.00000,0.00000),(16,9,6,30,17.13000,513.85000,0.00000),(17,10,6,30,7.70000,231.00000,0.00000),(18,11,6,30,13.00000,390.00000,0.00000),(19,5,6,105,4.10000,430.50000,0.00000),(20,1,7,2,6.02950,12.10000,0.00000),(21,8,7,1,21.99970,22.00000,0.00000),(22,10,7,1,9.99999,10.00000,0.00000),(23,5,7,1,6.99993,7.00000,0.00000),(24,3,7,6,1.20737,7.20000,0.00000),(25,4,7,1,9.99950,10.00000,0.00000),(26,13,8,20,1.60000,32.00000,0.00000),(27,14,8,20,1.60000,32.00000,0.00000),(28,15,8,25,2.50000,62.50000,0.00000),(29,16,8,1000,0.20000,196.00000,0.00000),(30,17,8,40,2.38000,95.00000,0.00000),(31,18,8,200,0.06000,11.60000,0.00000),(32,19,8,100,0.10000,9.50000,0.00000),(33,20,8,1000,0.05000,52.00000,0.00000),(34,21,8,50,0.80000,40.00000,0.00000),(35,22,8,600,38.00000,114.00000,0.00000),(36,23,8,200,0.59000,118.00000,0.00000),(37,24,8,200,0.82000,165.00000,0.00000),(38,25,8,10,24.00000,240.00000,0.00000),(39,29,8,20,9.00000,180.00000,0.00000),(40,12,8,20,1.60000,32.00000,0.00000),(41,26,8,20,5.50000,110.00000,0.00000),(42,27,8,12,4.50000,54.00000,0.00000),(43,28,8,300,0.11000,33.00000,0.00000),(44,30,8,1000,0.21000,212.00000,0.00000),(45,31,8,30,5.50000,165.00000,0.00000),(46,32,8,30,2.50000,75.00000,0.00000),(47,23,9,6,0.79998,4.80000,0.00000),(48,14,9,2,3.00000,6.00000,0.00000),(49,31,9,1,7.99975,8.00000,0.00000),(50,27,9,1,7.99965,8.00000,0.00000),(51,13,9,1,3.00000,3.00000,0.00000),(52,15,9,1,4.00000,4.00000,0.00000),(53,21,9,1,1.50000,1.50000,0.00000),(54,24,9,10,1.19269,11.90000,0.00000),(55,17,9,1,5.01038,5.00000,0.00000),(56,25,9,1,30.00000,30.00000,0.00000),(57,19,9,10,0.21052,2.10000,0.00000),(58,35,10,1500,0.21000,317.50000,0.00000),(59,36,10,1000,0.35000,350.00000,0.00000),(60,37,10,2000,0.34000,670.00000,0.00000),(61,38,10,3000,0.19000,570.00000,0.00000),(62,39,10,2000,0.29000,580.00000,0.00000),(63,40,10,2000,0.26000,520.00000,0.00000),(64,41,10,8000,0.06000,496.00000,0.00000),(65,42,10,60,3.80000,228.00000,0.00000),(66,43,10,40,13.00000,520.00000,0.00000),(67,47,10,200,0.40000,160.00000,0.00000),(68,33,10,2000,0.36000,730.00000,0.00000),(69,34,10,2000,0.24000,480.00000,0.00000),(70,44,10,2000,0.10000,200.00000,0.00000),(71,46,10,20,4.30000,86.00000,0.00000),(72,45,10,10000,0.09000,860.00000,0.00000),(73,2,10,10000,0.04000,420.00000,0.00000),(74,50,11,500,0.84000,420.00000,0.00000),(75,52,12,200,0.80000,160.00000,0.00000),(76,53,13,600,0.19000,114.00000,0.00000),(77,15,14,50,2.50000,125.00000,0.00000),(78,14,14,50,1.60000,80.00000,0.00000),(79,54,14,4,20.50000,82.00000,0.00000),(80,55,14,10,16.00000,160.00000,0.00000),(81,56,14,600,0.13000,80.10000,0.00000),(82,57,14,800,0.23000,187.52000,0.00000),(83,58,14,1000,0.11000,114.00000,0.00000),(84,59,14,10,17.00000,170.00000,0.00000),(85,160,15,180,0.28000,51.30000,0.00000),(86,162,16,70,0.20000,14.00000,0.00000),(87,127,16,120,0.55000,66.00000,0.00000),(88,128,17,2,10.50000,21.00000,0.00000),(89,129,17,2,16.00000,32.00000,0.00000),(90,161,17,4,18.00000,72.00000,0.00000),(91,130,17,2,24.65000,49.30000,0.00000),(92,131,17,10,10.00000,100.00000,0.00000),(93,132,17,5,33.00000,165.00000,0.00000),(94,133,17,2,11.20000,22.40000,0.00000),(95,134,17,4,2.99000,11.96000,0.00000),(96,135,17,1,18.00000,18.00000,0.00000),(97,136,17,270,0.38000,103.50000,0.00000),(98,106,17,2,8.96000,17.92000,0.00000),(99,92,18,7,24.50000,171.50000,0.00000),(100,94,19,22,1.40000,30.80000,0.00000),(101,89,20,80,3.40000,27.20000,0.00000),(102,90,20,416,1.46000,151.84000,0.00000),(103,91,20,530,0.02000,13.25000,0.00000),(104,93,20,13,9.50000,123.50000,0.00000),(105,60,21,1250,0.03000,37.50000,0.00000),(106,107,21,430,0.02000,9.20000,0.00000),(107,61,21,1,4.00000,4.00000,0.00000),(108,62,21,330,0.08000,28.05000,0.00000),(109,63,21,90,0.34000,31.05000,0.00000),(110,64,21,4,12.50000,50.00000,0.00000),(111,65,21,6,21.55000,129.30000,0.00000),(112,66,21,22,0.80000,17.55000,0.00000),(113,67,21,1,5.98000,5.98000,0.00000),(114,69,21,11,1.00000,11.00000,0.00000),(115,70,21,2,18.00000,36.00000,0.00000),(116,71,21,36,1.33000,48.00000,0.00000),(117,72,21,33,1.00000,33.00000,0.00000),(118,73,21,40,0.56000,22.40000,0.00000),(119,74,21,8,13.80000,110.40000,0.00000),(120,75,21,2,2.80000,5.60000,0.00000),(121,76,21,6,2.80000,16.80000,0.00000),(122,77,21,18,0.74000,13.32000,0.00000),(123,78,21,17,0.50000,8.50000,0.00000),(124,79,21,2,17.00000,34.00000,0.00000),(125,80,21,7,12.50000,87.50000,0.00000),(126,81,21,7,9.20000,64.40000,0.00000),(127,82,21,6,4.55000,27.30000,0.00000),(128,83,21,3,9.50000,28.50000,0.00000),(129,84,21,270,0.28000,74.58000,0.00000),(130,85,21,12,3.67000,44.00000,0.00000),(131,86,21,6,6.50000,39.00000,0.00000),(132,87,21,4,6.50000,26.00000,0.00000),(133,114,21,4,3.44000,13.74000,0.00000),(134,30,22,6,0.39623,2.40000,0.00000),(135,138,23,250,2.50000,62.50000,0.00000),(136,140,23,200,0.14000,27.92000,0.00000),(137,142,23,16,4.33000,69.33000,0.00000),(138,166,24,4,4.55000,18.20000,0.00000),(139,165,24,2530,0.10000,240.35000,0.00000),(140,167,25,3,8.42000,25.25000,0.00000),(141,175,26,330,0.13000,42.24000,0.00000),(142,174,26,340,0.62000,211.48000,0.00000),(143,173,26,1,6.50000,6.50000,0.00000),(144,171,26,5,15.00000,75.00000,0.00000),(145,169,26,120,0.83000,100.00000,0.00000),(146,177,27,20,5.25000,105.00000,0.00000),(147,169,27,120,0.83000,100.00000,0.00000),(148,171,27,5,15.00000,75.00000,0.00000),(149,173,27,1,6.50000,6.50000,0.00000),(150,174,27,340,0.62000,211.48000,0.00000),(151,175,27,330,0.13000,42.24000,0.00000),(152,172,28,10,12.70000,127.00000,0.00000),(153,148,29,300,0.12000,36.00000,0.00000),(154,149,29,6000,0.03000,162.00000,0.00000),(155,150,29,10,8.77000,87.70000,0.00000),(156,100,29,15,4.55000,68.25000,0.00000),(157,152,29,48,1.38000,66.40000,0.00000),(158,154,29,48,2.08000,100.00000,0.00000),(159,155,29,5,39.50000,197.50000,0.00000),(160,156,29,15,3.90000,58.50000,0.00000),(161,157,29,15,9.50000,142.50000,0.00000),(162,158,29,10,4.10000,41.00000,0.00000),(163,159,29,20,6.89000,137.80000,0.00000),(164,123,30,370,0.07000,25.90000,0.00000),(165,178,31,3,0.54000,1.62000,0.00000),(166,179,31,6,3.99000,23.94000,0.00000),(167,160,31,80,0.18000,14.80000,0.00000),(168,162,31,100,0.20000,20.00000,0.00000),(169,161,31,4,16.30000,65.20000,0.00000),(170,180,31,46,0.50000,23.00000,0.00000),(171,181,31,230,0.02000,4.40000,0.00000),(172,182,31,184,0.24000,44.99000,0.00000),(173,184,31,6,6.00000,36.00000,0.00000),(174,137,31,26,1.37000,35.57000,0.00000),(175,173,31,1,6.50000,6.50000,0.00000),(176,185,31,150,0.81000,121.60000,0.00000),(177,186,32,20,6.00000,120.00000,0.00000),(178,189,32,90,0.35000,31.50000,0.00000),(179,191,32,160,0.11000,18.20000,0.00000),(180,193,32,70,0.11000,18.20000,0.00000),(181,194,32,90,0.24000,21.96000,0.00000),(182,195,32,7,3.50000,24.50000,0.00000),(183,147,32,5,5.00000,25.00000,0.00000),(184,187,32,800,0.12000,96.00000,0.00000),(185,190,32,3000,0.05000,150.00000,0.00000),(186,196,32,1,1.80000,1.80000,0.00000),(187,190,33,4800,0.05000,240.00000,0.00000),(188,198,34,1,25.00000,25.00000,0.00000),(189,199,35,350,0.15000,51.80000,0.00000),(190,188,36,530,0.13000,71.55000,0.00000),(191,200,37,20,0.30000,6.00000,0.00000),(192,33,38,4,0.53730,2.10000,0.00000),(193,30,39,10,0.39623,4.00000,0.00000),(194,54,39,1,24.99975,25.00000,0.00000),(195,129,39,1,20.00000,20.00000,0.00000),(196,147,39,1,6.66650,6.70000,0.00000),(197,26,39,1,7.99975,8.00000,0.00000),(198,55,39,1,20.00000,20.00000,0.00000),(199,13,39,1,3.00000,3.00000,0.00000),(200,12,39,1,3.00000,3.00000,0.00000),(201,14,39,1,3.00000,3.00000,0.00000),(202,174,39,10,0.89708,9.00000,0.00000),(203,191,39,10,0.16922,1.70000,0.00000),(204,175,39,10,0.30468,3.00000,0.00000),(205,168,39,10,0.00000,0.00000,0.00000),(206,189,39,10,0.50348,5.00000,0.00000),(207,101,39,10,0.00000,0.00000,0.00000),(208,199,39,10,0.30405,3.00000,0.00000),(209,58,39,10,0.28947,2.90000,0.00000),(210,148,39,10,0.19999,2.00000,0.00000),(211,136,39,10,0.50890,5.10000,0.00000),(212,44,39,10,0.20000,2.00000,0.00000),(213,89,39,10,5.99998,60.00000,0.00000),(214,164,39,10,0.00000,0.00000,0.00000),(215,109,39,10,0.00000,0.00000,0.00000),(216,92,39,1,29.99780,30.00000,0.00000),(217,85,39,1,5.00441,5.00000,0.00000),(218,112,39,1,0.00000,0.00000,0.00000),(219,31,39,1,7.99975,8.00000,0.00000),(220,121,39,1,0.00000,0.00000,0.00000),(221,115,39,1,0.00000,0.00000,0.00000),(222,27,39,1,7.99965,8.00000,0.00000),(223,113,39,1,0.00000,0.00000,0.00000),(224,142,39,1,6.99988,7.00000,0.00000),(225,187,39,100,0.49999,50.00000,0.00000),(226,41,40,10,0.14516,1.50000,0.00000),(227,18,40,10,0.10909,1.10000,0.00000),(228,71,41,3,1.99500,6.00000,0.00000),(229,140,41,20,0.20059,4.00000,0.00000),(230,93,41,1,11.99993,12.00000,0.00000),(231,20,41,10,0.09616,1.00000,0.00000),(232,152,41,1,2.12299,2.10000,0.00000),(233,154,41,1,2.99562,3.00000,0.00000),(234,114,41,1,4.98800,5.00000,0.00000),(235,32,41,1,7.00000,7.00000,0.00000),(236,118,41,1,0.00000,0.00000,0.00000),(237,15,41,1,4.00000,4.00000,0.00000),(238,167,41,1,11.95724,12.00000,0.00000),(239,29,41,1,11.99970,12.00000,0.00000),(240,2,41,10,0.05892,0.60000,0.00000),(241,145,41,10,0.00000,0.00000,0.00000),(242,21,41,1,1.50000,1.50000,0.00000),(243,190,41,30,0.08333,2.50000,0.00000),(244,22,41,1,59.99820,60.00000,0.00000),(245,146,41,1,0.00000,0.00000,0.00000),(246,117,41,1,0.00000,0.00000,0.00000),(247,75,41,1,4.99996,5.00000,0.00000),(248,159,41,1,9.99946,10.00000,0.00000),(249,171,41,1,19.99950,20.00000,0.00000),(250,43,41,1,17.99980,18.00000,0.00000),(251,126,41,1,0.00000,0.00000,0.00000),(252,110,41,1,0.00000,0.00000,0.00000),(253,124,41,1,0.00000,0.00000,0.00000),(254,111,41,1,0.00000,0.00000,0.00000),(255,173,41,1,8.99990,9.00000,0.00000),(256,46,41,1,6.99997,7.00000,0.00000),(257,47,41,1,1.00000,1.00000,0.00000),(258,94,41,1,2.99999,3.00000,0.00000),(259,103,41,1,0.00000,0.00000,0.00000),(260,172,41,1,16.99895,17.00000,0.00000),(261,52,41,1,2.00000,2.00000,0.00000),(262,67,41,1,8.04011,8.00000,0.00000),(263,79,41,1,21.99970,22.00000,0.00000),(264,198,41,1,41.66500,41.70000,0.00000),(265,197,41,1,0.00000,0.00000,0.00000),(266,72,41,1,1.50000,1.50000,0.00000),(267,72,41,10,1.50000,15.00000,0.00000),(268,135,41,1,22.99860,23.00000,0.00000),(269,163,41,1,0.00000,0.00000,0.00000),(270,122,41,1,0.00000,0.00000,0.00000),(271,122,41,1,0.00000,0.00000,0.00000),(272,122,41,1,0.00000,0.00000,0.00000),(273,72,41,3,1.50000,4.50000,0.00000),(274,66,41,1,1.50448,1.50000,0.00000),(275,184,41,1,9.00000,9.00000,0.00000),(276,76,41,1,4.99996,5.00000,0.00000),(277,179,42,1,5.99976,6.00000,0.00000),(278,156,42,1,5.99976,6.00000,0.00000),(279,195,42,1,7.00000,7.00000,0.00000),(280,144,42,1,0.00000,0.00000,0.00000),(281,23,42,10,0.79998,8.00000,0.00000),(282,83,42,1,11.99945,12.00000,0.00000),(283,24,42,10,1.19269,11.90000,0.00000),(284,169,42,30,1.38328,41.50000,0.00000),(285,1,42,1,6.02950,6.00000,0.00000),(286,78,42,1,1.00000,1.00000,0.00000),(287,17,42,4,5.01038,20.00000,0.00000),(288,69,42,3,1.50000,4.50000,0.00000),(289,25,42,1,30.00000,30.00000,0.00000),(290,61,42,1,7.00000,7.00000,0.00000),(291,62,42,1,0.14118,0.10000,0.00000),(292,74,42,1,19.99896,20.00000,0.00000),(293,50,42,1,1.49999,1.50000,0.00000),(294,100,42,1,6.99972,7.00000,0.00000),(295,150,42,1,11.99999,12.00000,0.00000),(296,99,42,1,0.00000,0.00000,0.00000),(297,8,42,1,21.99970,22.00000,0.00000),(298,9,42,1,22.00177,22.00000,0.00000),(299,120,42,1,0.00000,0.00000,0.00000),(300,134,42,1,4.99988,5.00000,0.00000),(301,161,42,1,20.82651,20.80000,0.00000),(302,87,42,1,8.99990,9.00000,0.00000),(303,157,42,1,13.99920,14.00000,0.00000),(304,132,42,1,39.99930,40.00000,0.00000),(305,131,42,1,14.00000,14.00000,0.00000),(306,106,42,1,11.99923,12.00000,0.00000),(307,128,42,1,13.99965,14.00000,0.00000),(308,86,42,1,8.99990,9.00000,0.00000),(309,82,42,1,6.99972,7.00000,0.00000),(310,59,42,1,21.99970,22.00000,0.00000),(311,42,42,1,5.99982,6.00000,0.00000),(312,158,42,1,5.99994,6.00000,0.00000),(313,10,42,1,9.99999,10.00000,0.00000),(314,65,42,1,27.00000,27.00000,0.00000),(315,64,42,1,16.00000,16.00000,0.00000),(316,80,42,1,16.00000,16.00000,0.00000),(317,166,42,1,6.96150,7.00000,0.00000),(318,81,42,1,11.99956,12.00000,0.00000),(319,11,42,1,16.99997,17.00000,0.00000),(320,133,42,1,14.99904,15.00000,0.00000),(321,105,42,1,0.00000,0.00000,0.00000),(322,155,42,1,44.99840,45.00000,0.00000),(323,178,42,1,1.49720,1.50000,0.00000),(324,178,42,1,1.49720,1.50000,0.00000),(325,137,43,1,2.00280,2.00000,0.00000),(326,165,43,10,0.21000,2.10000,0.00000),(327,5,43,1,6.99993,7.00000,0.00000),(328,180,43,1,1.00000,1.00000,0.00000),(329,90,43,1,2.00000,2.00000,0.00000),(330,194,43,10,0.29508,3.00000,0.00000),(331,28,43,10,0.19999,2.00000,0.00000),(332,119,43,10,0.00000,0.00000,0.00000),(333,127,43,10,0.79998,8.00000,0.00000),(334,149,43,100,0.05555,5.60000,0.00000),(335,40,43,10,0.39998,4.00000,0.00000),(336,160,43,10,0.25263,2.50000,0.00000),(337,160,43,10,0.25263,2.50000,0.00000),(338,38,43,10,0.29999,3.00000,0.00000),(339,185,43,10,1.19993,12.00000,0.00000),(340,73,43,10,0.79996,8.00000,0.00000),(341,91,43,10,0.04000,0.40000,0.00000),(342,200,43,10,0.45000,4.50000,0.00000),(343,35,43,10,0.34734,3.50000,0.00000),(344,36,43,10,0.59997,6.00000,0.00000),(345,3,43,10,1.20737,12.10000,0.00000),(346,33,43,4,0.53730,2.10000,0.00000),(347,88,43,10,0.00000,0.00000,0.00000),(348,16,43,10,0.30612,3.10000,0.00000),(349,6,43,1,27.99840,28.00000,0.00000),(350,7,43,1,24.99905,25.00000,0.00000),(351,4,43,1,9.99950,10.00000,0.00000),(352,96,43,10,0.00000,0.00000,0.00000),(353,123,43,10,0.20000,2.00000,0.00000),(354,37,43,4,0.50745,2.00000,0.00000),(355,60,43,10,0.10000,1.00000,0.00000),(356,104,43,4,0.00000,0.00000,0.00000),(357,162,43,10,0.30000,3.00000,0.00000),(358,41,43,10,0.14516,1.50000,0.00000),(359,97,43,10,0.00000,0.00000,0.00000),(360,192,43,10,0.00000,0.00000,0.00000),(361,193,43,10,0.16500,1.60000,0.00000),(362,102,43,10,0.00000,0.00000,0.00000),(363,95,43,10,0.00000,0.00000,0.00000),(364,139,44,10,0.00000,0.00000,0.00000),(365,138,44,10,4.00000,40.00000,0.00000),(366,107,44,10,0.09346,0.90000,0.00000),(367,188,44,10,0.19999,2.00000,0.00000),(368,63,44,10,0.49273,4.90000,0.00000),(369,98,44,10,0.00000,0.00000,0.00000),(370,84,44,10,0.50680,5.10000,0.00000),(371,177,44,4,6.99983,28.00000,0.00000),(372,45,44,10,0.15697,1.60000,0.00000),(373,181,44,10,0.05102,0.50000,0.00000),(374,77,44,1,1.49998,1.50000,0.00000),(375,34,44,1,0.39998,0.40000,0.00000),(376,34,44,10,0.39998,4.00000,0.00000),(377,57,44,4,0.49061,2.00000,0.00000),(378,39,44,4,0.40000,1.60000,0.00000),(379,39,44,10,0.40000,4.00000,0.00000),(380,53,44,10,0.35000,3.50000,0.00000),(381,49,44,4,0.00000,0.00000,0.00000),(382,48,44,4,0.00000,0.00000,0.00000),(383,48,44,4,0.00000,0.00000,0.00000),(384,56,44,10,0.29342,2.90000,0.00000),(385,116,44,10,0.00000,0.00000,0.00000),(386,70,44,10,23.99940,240.00000,0.00000),(387,176,44,4,0.00000,0.00000,0.00000),(388,143,44,1,0.00000,0.00000,0.00000),(389,68,44,10,0.00000,0.00000,0.00000),(390,18,44,10,0.10909,1.10000,0.00000),(391,19,44,10,0.21052,2.10000,0.00000),(392,201,45,40,3.18000,127.00000,0.00000),(393,204,45,1600,0.17000,279.20000,0.00000),(394,203,45,10,9.50000,95.00000,0.00000),(395,205,45,10,11.90000,119.00000,0.00000),(396,208,45,50,1.49000,74.50000,0.00000),(397,144,45,50,1.51000,75.60000,0.00000),(398,207,45,50,1.80000,89.80000,0.00000),(399,208,45,10,8.30000,83.00000,0.00000),(400,209,45,5,12.82000,64.10000,0.00000),(401,211,46,1,3.41000,3.41000,0.00000),(402,95,47,3,1.54000,4.62000,0.00000),(403,96,48,30,0.46000,13.80000,0.00000),(404,97,48,70,0.29000,20.30000,0.00000),(405,98,48,30,0.16000,4.68000,0.00000),(406,99,48,3,3.50000,10.50000,0.00000),(407,101,49,200,0.07000,14.80000,0.00000),(408,102,49,1570,0.21000,329.70000,0.00000),(409,112,50,70,0.20000,14.28000,0.00000),(410,113,51,8,5.95000,47.60000,0.00000),(411,115,51,1,19.00000,19.00000,0.00000),(412,210,51,800,0.07000,58.00000,0.00000),(413,120,52,8,19.50000,156.00000,0.00000),(414,119,52,80,0.21000,16.64000,0.00000),(415,118,52,3,16.00000,48.00000,0.00000),(416,117,52,310,0.38000,117.80000,0.00000),(417,126,53,12,9.50000,114.00000,0.00000),(418,110,53,5,15.00000,75.00000,0.00000),(419,124,53,8,6.90000,55.20000,0.00000),(420,122,53,16,8.50000,136.00000,0.00000),(421,121,53,14,5.00000,70.00000,0.00000),(422,108,54,3,46.00000,138.00000,0.00000),(423,103,55,10,1.20000,12.00000,0.00000),(424,33,56,1332,0.36000,486.18000,0.00000),(425,163,57,6,9.50000,57.00000,0.00000),(426,146,58,1,9.00000,9.00000,0.00000),(427,145,58,2,12.00000,24.00000,0.00000),(428,198,59,1,19.00000,19.00000,0.00000),(429,147,60,5,6.00000,30.00000,0.00000),(430,30,61,1000,0.21000,212.00000,0.00000),(431,174,62,500,0.62000,311.30000,0.00000),(432,191,63,160,0.22000,35.20000,0.00000),(433,180,64,460,0.10000,46.00000,0.00000),(434,160,65,80,0.28000,22.20000,0.00000),(435,193,66,70,0.20000,14.00000,0.00000),(436,30,67,10,0.39623,4.00000,0.00000),(437,54,67,1,24.99975,25.00000,0.00000),(438,129,67,1,20.00000,20.00000,0.00000),(439,147,67,1,7.99980,8.00000,0.00000),(440,26,67,1,7.99975,8.00000,0.00000),(441,13,67,1,3.00000,3.00000,0.00000),(442,12,67,1,3.00000,3.00000,0.00000),(443,14,67,1,3.00000,3.00000,0.00000),(444,174,67,10,0.89708,9.00000,0.00000),(445,191,67,10,0.33845,3.40000,0.00000),(446,175,67,10,0.30468,3.00000,0.00000),(447,189,67,10,0.50348,5.00000,0.00000),(448,101,67,10,0.14189,1.40000,0.00000),(449,199,67,10,0.30405,3.00000,0.00000),(450,58,67,10,0.28947,2.90000,0.00000),(451,148,67,10,0.19999,2.00000,0.00000),(452,136,67,10,0.50890,5.10000,0.00000),(453,44,67,10,0.20000,2.00000,0.00000),(454,89,68,80,0.34000,27.20000,0.00000),(455,190,69,780,0.50000,390.00000,0.00000),(456,164,70,30,0.00000,0.00000,0.00000),(457,89,70,10,0.60000,6.00000,0.00000),(458,109,70,10,0.00000,0.00000,0.00000),(459,201,70,1,5.00786,5.00000,0.00000),(460,92,70,1,29.99780,30.00000,0.00000),(461,85,70,1,5.00441,5.00000,0.00000),(462,112,70,1,0.39214,0.40000,0.00000),(463,112,70,10,0.39214,3.90000,0.00000),(464,31,70,1,7.99975,8.00000,0.00000),(465,121,70,1,8.00000,8.00000,0.00000),(466,115,70,1,24.99830,25.00000,0.00000),(467,27,70,1,7.99965,8.00000,0.00000),(468,113,70,1,9.99957,10.00000,0.00000),(469,142,70,1,6.99988,7.00000,0.00000),(470,187,70,1,0.49999,0.50000,0.00000),(471,71,70,3,1.99500,6.00000,0.00000),(472,140,70,20,0.20059,4.00000,0.00000),(473,93,70,1,11.99993,12.00000,0.00000),(474,20,70,10,0.09616,1.00000,0.00000),(475,152,70,1,2.12299,2.10000,0.00000),(476,154,70,1,2.99562,3.00000,0.00000),(477,114,70,1,4.98800,5.00000,0.00000),(478,32,70,1,7.00000,7.00000,0.00000),(479,118,70,1,20.00000,20.00000,0.00000),(480,15,70,1,4.00000,4.00000,0.00000),(481,167,70,1,11.95724,12.00000,0.00000),(482,29,70,1,11.99970,12.00000,0.00000),(483,2,71,10,0.05892,0.60000,0.00000),(484,145,71,1,15.99960,16.00000,0.00000),(485,21,71,1,1.50000,1.50000,0.00000),(486,190,71,30,0.83330,25.00000,0.00000),(487,22,71,1,59.99820,60.00000,0.00000),(488,146,71,1,11.99970,12.00000,0.00000),(489,117,71,10,0.49997,5.00000,0.00000),(490,75,71,1,4.99996,5.00000,0.00000),(491,159,71,1,9.99946,10.00000,0.00000),(492,171,71,1,19.99950,20.00000,0.00000),(493,43,71,1,17.99980,18.00000,0.00000),(494,126,71,1,14.99955,15.00000,0.00000),(495,110,71,1,30.00000,30.00000,0.00000),(496,124,71,1,9.99948,10.00000,0.00000),(497,111,71,1,0.00000,0.00000,0.00000),(498,173,71,1,8.99990,9.00000,0.00000),(499,46,71,1,6.99997,7.00000,0.00000),(500,47,71,1,1.00000,1.00000,0.00000),(501,94,71,1,2.99999,3.00000,0.00000),(502,103,71,1,2.49996,2.50000,0.00000),(503,172,71,1,16.99895,17.00000,0.00000),(504,52,71,1,2.00000,2.00000,0.00000),(505,67,71,1,8.04011,8.00000,0.00000),(506,79,71,1,21.99970,22.00000,0.00000),(507,198,71,1,31.66540,31.70000,0.00000),(508,197,71,1,0.00000,0.00000,0.00000),(509,72,71,3,1.50000,4.50000,0.00000),(510,135,71,3,22.99860,69.00000,0.00000),(511,163,72,1,13.96500,14.00000,0.00000),(512,122,72,1,11.99996,12.00000,0.00000),(513,186,72,1,9.00000,9.00000,0.00000),(514,66,72,1,1.50448,1.50000,0.00000),(515,184,72,1,9.00000,9.00000,0.00000),(516,76,72,1,4.99996,5.00000,0.00000),(517,76,72,1,4.99996,5.00000,0.00000),(518,179,72,1,5.99976,6.00000,0.00000),(519,156,72,1,5.99976,6.00000,0.00000),(520,195,72,1,7.00000,7.00000,0.00000),(521,144,72,1,1.99728,2.00000,0.00000),(522,23,72,1,0.79998,0.80000,0.00000),(523,23,72,10,0.79998,8.00000,0.00000),(524,83,72,1,11.99945,12.00000,0.00000),(525,24,72,10,1.19269,11.90000,0.00000),(526,169,72,30,1.38328,41.50000,0.00000),(527,1,72,1,6.02950,6.00000,0.00000),(528,78,72,1,1.00000,1.00000,0.00000),(529,17,72,1,5.01038,5.00000,0.00000),(530,17,72,4,5.01038,20.00000,0.00000),(531,17,72,4,5.01038,20.00000,0.00000),(532,69,72,3,1.50000,4.50000,0.00000),(533,25,72,1,30.00000,30.00000,0.00000),(534,61,72,1,7.00000,7.00000,0.00000),(535,62,72,10,0.14118,1.40000,0.00000),(536,74,72,1,19.99896,20.00000,0.00000),(537,50,72,10,1.49999,15.00000,0.00000),(538,100,72,10,6.99972,70.00000,0.00000),(539,100,72,1,6.99972,7.00000,0.00000),(540,150,72,1,11.99999,12.00000,0.00000),(541,99,72,1,5.99970,6.00000,0.00000),(542,8,72,1,21.99970,22.00000,0.00000),(543,9,72,1,22.00177,22.00000,0.00000),(544,120,72,1,24.99900,25.00000,0.00000),(545,134,72,1,4.99988,5.00000,0.00000),(546,203,72,1,12.00040,12.00000,0.00000),(547,161,73,1,20.82651,20.80000,0.00000),(548,87,73,1,8.99990,9.00000,0.00000),(549,157,73,1,13.99920,14.00000,0.00000),(550,132,73,1,39.99930,40.00000,0.00000),(551,131,73,1,14.00000,14.00000,0.00000),(552,106,73,1,11.99923,12.00000,0.00000),(553,128,73,1,13.99965,14.00000,0.00000),(554,205,73,1,14.99995,15.00000,0.00000),(555,86,73,1,8.99990,9.00000,0.00000),(556,82,73,1,6.99972,7.00000,0.00000),(557,59,73,1,21.99970,22.00000,0.00000),(558,208,73,1,10.99999,11.00000,0.00000),(559,130,73,1,29.99905,30.00000,0.00000),(560,108,73,1,50.99560,51.00000,0.00000),(561,42,73,1,5.99982,6.00000,0.00000),(562,158,73,1,5.99994,6.00000,0.00000),(563,10,73,1,9.99999,10.00000,0.00000),(564,65,73,1,27.00000,27.00000,0.00000),(565,64,73,1,16.00000,16.00000,0.00000),(566,80,73,1,16.00000,16.00000,0.00000),(567,166,74,1,6.96150,7.00000,0.00000),(568,81,74,1,11.99956,12.00000,0.00000),(569,11,74,1,16.99997,17.00000,0.00000),(570,133,74,1,14.99904,15.00000,0.00000),(571,105,74,1,0.00000,0.00000,0.00000),(572,155,74,1,44.99840,45.00000,0.00000),(573,178,74,1,1.49720,1.50000,0.00000),(574,182,74,1,0.49078,0.50000,0.00000),(575,137,74,1,2.00280,2.00000,0.00000),(576,165,74,10,0.21000,2.10000,0.00000),(577,5,74,1,6.99993,7.00000,0.00000),(578,180,74,10,0.20000,2.00000,0.00000),(579,90,74,1,2.00000,2.00000,0.00000),(580,194,74,10,0.29508,3.00000,0.00000),(581,202,74,10,0.00000,0.00000,0.00000),(582,204,74,10,0.24354,2.40000,0.00000),(583,28,74,10,0.19999,2.00000,0.00000),(584,119,74,10,0.30288,3.00000,0.00000),(585,127,74,4,0.79998,3.20000,0.00000),(586,127,74,10,0.79998,8.00000,0.00000),(587,149,74,100,0.05555,5.60000,0.00000),(588,40,74,10,0.39998,4.00000,0.00000),(589,160,74,10,0.39298,3.90000,0.00000),(590,38,74,10,0.29999,3.00000,0.00000),(591,185,74,10,1.19993,12.00000,0.00000),(592,73,74,10,0.79996,8.00000,0.00000),(593,200,74,10,0.45000,4.50000,0.00000),(594,35,74,10,0.34734,3.50000,0.00000),(595,36,74,10,0.59997,6.00000,0.00000),(596,3,74,10,1.20737,12.10000,0.00000),(597,33,74,4,0.53730,2.10000,0.00000),(598,88,74,10,0.00000,0.00000,0.00000),(599,16,74,10,0.30612,3.10000,0.00000),(600,6,74,1,27.99840,28.00000,0.00000),(601,7,74,1,24.99905,25.00000,0.00000),(602,4,74,1,9.99950,10.00000,0.00000),(603,96,75,10,0.69998,7.00000,0.00000),(604,206,75,10,0.00000,0.00000,0.00000),(605,123,75,10,0.20000,2.00000,0.00000),(606,37,75,4,0.50745,2.00000,0.00000),(607,60,75,4,0.10000,0.40000,0.00000),(608,104,75,10,0.00000,0.00000,0.00000),(609,162,75,10,0.30000,3.00000,0.00000),(610,41,75,10,0.14516,1.50000,0.00000),(611,97,75,10,0.40000,4.00000,0.00000),(612,192,75,10,0.00000,0.00000,0.00000),(613,193,75,10,0.30000,3.00000,0.00000),(614,102,75,10,0.39999,4.00000,0.00000),(615,95,75,1,2.99992,3.00000,0.00000),(616,139,75,10,0.00000,0.00000,0.00000),(617,138,75,1,4.00000,4.00000,0.00000),(618,107,75,10,0.09346,0.90000,0.00000),(619,188,75,10,0.19999,2.00000,0.00000),(620,63,75,10,0.49273,4.90000,0.00000),(621,98,75,10,0.25397,2.50000,0.00000),(622,84,75,4,0.50680,2.00000,0.00000),(623,210,75,10,0.09655,1.00000,0.00000),(624,177,75,1,6.99983,7.00000,0.00000),(625,45,75,10,0.15697,1.60000,0.00000),(626,181,75,10,0.05102,0.50000,0.00000),(627,207,75,1,3.00654,3.00000,0.00000),(628,77,75,1,1.49998,1.50000,0.00000),(629,34,75,10,0.39998,4.00000,0.00000),(630,57,75,4,0.49061,2.00000,0.00000),(631,39,75,10,0.40000,4.00000,0.00000),(632,53,75,10,0.35000,3.50000,0.00000),(633,49,75,10,0.00000,0.00000,0.00000),(634,48,75,10,0.00000,0.00000,0.00000),(635,56,75,10,0.29342,2.90000,0.00000),(636,116,75,10,0.00000,0.00000,0.00000),(637,70,75,1,23.99940,24.00000,0.00000),(638,209,75,1,17.02624,17.00000,0.00000),(639,176,75,1,0.00000,0.00000,0.00000),(640,143,75,1,0.00000,0.00000,0.00000),(641,68,75,1,0.00000,0.00000,0.00000),(642,18,75,10,0.10909,1.10000,0.00000),(643,19,75,10,0.21052,2.10000,0.00000),(644,53,76,420,0.19000,79.80000,0.00000),(645,213,77,70,0.81000,56.70000,0.00000),(646,214,78,120,0.50000,60.00000,0.00000),(647,215,79,200,1.68000,335.00000,0.00000),(648,216,80,24,3.00000,72.00000,0.00000),(649,60,81,1250,0.03000,37.50000,0.00000),(650,143,82,10,5.50000,55.00000,0.00000),(651,30,83,10,0.39623,4.00000,0.00000),(652,54,83,1,24.99975,25.00000,0.00000),(653,129,83,1,20.00000,20.00000,0.00000),(654,147,83,1,7.99980,8.00000,0.00000),(655,26,83,1,7.99975,8.00000,0.00000),(656,55,83,1,20.00000,20.00000,0.00000),(657,13,83,1,3.00000,3.00000,0.00000),(658,13,83,1,3.00000,3.00000,0.00000),(659,13,83,1,3.00000,3.00000,0.00000),(660,174,83,10,0.89708,9.00000,0.00000),(661,191,83,10,0.33845,3.40000,0.00000),(662,175,83,10,0.30468,3.00000,0.00000),(663,168,83,10,0.00000,0.00000,0.00000),(664,189,83,10,0.50348,5.00000,0.00000),(665,101,83,10,0.14189,1.40000,0.00000),(666,199,83,10,0.30405,3.00000,0.00000),(667,58,83,10,0.28947,2.90000,0.00000),(668,148,83,10,0.19999,2.00000,0.00000),(669,136,83,10,0.50890,5.10000,0.00000),(670,44,83,10,0.20000,2.00000,0.00000),(671,89,83,10,0.60000,6.00000,0.00000),(672,164,83,10,0.00000,0.00000,0.00000),(673,109,83,10,0.00000,0.00000,0.00000),(674,201,83,1,5.00786,5.00000,0.00000),(675,92,83,1,29.99780,30.00000,0.00000),(676,214,83,30,0.83330,25.00000,0.00000),(677,85,83,1,5.00441,5.00000,0.00000),(678,112,83,10,0.39214,3.90000,0.00000),(679,31,83,1,7.99975,8.00000,0.00000),(680,121,83,1,8.00000,8.00000,0.00000),(681,115,83,1,24.99830,25.00000,0.00000),(682,27,83,1,7.99965,8.00000,0.00000),(683,113,83,1,9.99957,10.00000,0.00000),(684,142,83,1,6.99988,7.00000,0.00000),(685,187,83,1,0.49999,0.50000,0.00000),(686,71,83,1,1.99500,2.00000,0.00000),(687,140,83,20,0.20059,4.00000,0.00000),(688,93,83,1,11.99993,12.00000,0.00000),(689,20,83,10,0.09616,1.00000,0.00000),(690,152,83,1,2.12299,2.10000,0.00000),(691,154,83,1,2.99562,3.00000,0.00000),(692,114,83,1,4.98800,5.00000,0.00000),(693,32,83,1,7.00000,7.00000,0.00000),(694,118,83,1,20.00000,20.00000,0.00000),(695,15,83,1,4.00000,4.00000,0.00000),(696,167,83,1,11.95724,12.00000,0.00000),(697,29,83,1,11.99970,12.00000,0.00000),(698,2,83,1,0.05892,0.10000,0.00000),(699,145,83,1,15.99960,16.00000,0.00000),(700,21,83,1,1.50000,1.50000,0.00000),(701,190,83,30,0.83330,25.00000,0.00000),(702,22,83,10,59.99820,600.00000,0.00000),(703,146,83,1,11.99970,12.00000,0.00000),(704,117,83,10,0.49997,5.00000,0.00000),(705,75,83,1,4.99996,5.00000,0.00000),(706,159,83,1,9.99946,10.00000,0.00000),(707,171,83,1,19.99950,20.00000,0.00000),(708,43,83,1,17.99980,18.00000,0.00000),(709,126,83,1,14.99955,15.00000,0.00000),(710,110,83,1,30.00000,30.00000,0.00000),(711,124,83,1,9.99948,10.00000,0.00000),(712,111,83,1,0.00000,0.00000,0.00000),(713,173,83,1,8.99990,9.00000,0.00000),(714,46,83,1,6.99997,7.00000,0.00000),(715,47,83,1,1.00000,1.00000,0.00000),(716,94,83,1,2.99999,3.00000,0.00000),(717,103,83,1,2.49996,2.50000,0.00000),(718,172,83,1,16.99895,17.00000,0.00000),(719,52,83,1,2.00000,2.00000,0.00000),(720,67,83,1,8.04011,8.00000,0.00000),(721,79,83,1,21.99970,22.00000,0.00000),(722,198,83,1,31.66540,31.70000,0.00000),(723,197,83,1,0.00000,0.00000,0.00000),(724,72,83,1,1.50000,1.50000,0.00000),(725,135,83,1,22.99860,23.00000,0.00000),(726,163,83,1,13.96500,14.00000,0.00000),(727,122,83,1,11.99996,12.00000,0.00000),(728,186,83,1,9.00000,9.00000,0.00000),(729,66,83,1,1.50448,1.50000,0.00000),(730,184,83,1,9.00000,9.00000,0.00000),(731,76,83,1,4.99996,5.00000,0.00000),(732,179,83,1,5.99976,6.00000,0.00000),(733,156,83,1,5.99976,6.00000,0.00000),(734,195,83,1,7.00000,7.00000,0.00000),(735,144,83,1,1.99728,2.00000,0.00000),(736,23,83,10,0.79998,8.00000,0.00000),(737,83,83,1,11.99945,12.00000,0.00000),(738,24,83,10,1.19269,11.90000,0.00000),(739,169,83,1,1.38328,1.40000,0.00000),(740,1,83,1,6.02950,6.00000,0.00000),(741,78,83,1,1.00000,1.00000,0.00000),(742,17,83,1,5.01038,5.00000,0.00000),(743,69,83,1,1.50000,1.50000,0.00000),(744,25,83,1,30.00000,30.00000,0.00000),(745,61,83,1,7.00000,7.00000,0.00000),(746,62,83,10,0.14118,1.40000,0.00000),(747,74,83,1,19.99896,20.00000,0.00000),(748,50,83,1,1.49999,1.50000,0.00000),(749,100,83,1,6.99972,7.00000,0.00000),(750,150,83,1,11.99999,12.00000,0.00000),(751,99,83,1,5.99970,6.00000,0.00000),(752,8,83,1,21.99970,22.00000,0.00000),(753,9,83,1,22.00177,22.00000,0.00000),(754,120,83,1,24.99900,25.00000,0.00000),(755,134,83,1,4.99988,5.00000,0.00000),(756,134,83,1,4.99988,5.00000,0.00000),(757,203,83,1,12.00040,12.00000,0.00000),(758,161,83,1,20.82651,20.80000,0.00000);
/*!40000 ALTER TABLE `items` ENABLE KEYS */;
UNLOCK TABLES;

--
-- Table structure for table `orders`
--

DROP TABLE IF EXISTS `orders`;
/*!40101 SET @saved_cs_client     = @@character_set_client */;
/*!50503 SET character_set_client = utf8mb4 */;
CREATE TABLE `orders` (
  `order_id` int NOT NULL AUTO_INCREMENT,
  `order_type` varchar(50) NOT NULL,
  `final_order_cost` decimal(15,2) DEFAULT '0.00',
  `cart_size` int DEFAULT '0',
  `total_overhead_cost` decimal(15,2) DEFAULT '0.00',
  `total_amount` decimal(15,2) DEFAULT '0.00',
  `order_date` datetime NOT NULL DEFAULT CURRENT_TIMESTAMP,
  `total_discount` double NOT NULL DEFAULT '0',
  PRIMARY KEY (`order_id`)
) ENGINE=InnoDB AUTO_INCREMENT=84 DEFAULT CHARSET=utf8mb4 COLLATE=utf8mb4_0900_ai_ci;
/*!40101 SET character_set_client = @saved_cs_client */;

--
-- Dumping data for table `orders`
--

LOCK TABLES `orders` WRITE;
/*!40000 ALTER TABLE `orders` DISABLE KEYS */;
INSERT INTO `orders` VALUES (1,'stock',276.00,2,0.00,276.00,'2023-10-09 15:22:43',0),(2,'sales',36.10,2,0.00,36.10,'2023-10-09 15:40:40',0),(3,'stock',276.00,2,0.00,276.00,'2023-10-09 15:48:01',0),(4,'stock',276.00,2,0.00,276.00,'2023-10-09 16:09:28',0),(5,'sales',64.90,3,0.00,64.90,'2023-10-09 16:12:30',0),(6,'stock',4400.35,8,0.00,4400.35,'2023-10-09 17:40:07',0),(7,'sales',68.30,6,0.00,68.30,'2023-10-09 17:43:49',0),(8,'stock',2028.60,21,0.00,2028.60,'2023-10-11 05:17:11',0),(9,'sales',84.30,11,0.00,84.30,'2023-10-11 05:24:33',0),(10,'stock',7187.50,16,0.00,7187.50,'2023-10-11 15:59:23',0),(11,'stock',420.00,1,0.00,420.00,'2023-10-11 16:05:38',0),(12,'stock',160.00,1,0.00,160.00,'2023-10-11 17:17:56',0),(13,'stock',114.00,1,0.00,114.00,'2023-10-11 17:44:00',0),(14,'stock',998.62,8,0.00,998.62,'2023-10-11 19:32:55',0),(15,'stock',51.30,1,0.00,51.30,'2023-10-14 02:29:16',0),(16,'stock',80.00,2,0.00,80.00,'2023-10-14 02:43:18',0),(17,'stock',613.08,11,0.00,613.08,'2023-10-14 03:15:05',0),(18,'stock',171.50,1,0.00,171.50,'2023-10-14 10:19:35',0),(19,'stock',30.80,1,0.00,30.80,'2023-10-14 10:21:06',0),(20,'stock',315.79,4,0.00,315.79,'2023-10-14 10:31:25',0),(21,'stock',1056.67,29,0.00,1056.67,'2023-10-14 13:32:29',0),(22,'sales',2.40,1,0.00,2.40,'2023-10-15 15:55:08',0),(23,'stock',159.75,3,0.00,159.75,'2023-10-15 17:03:31',0),(24,'stock',258.55,2,0.00,258.55,'2023-10-16 02:31:19',0),(25,'stock',25.25,1,0.00,25.25,'2023-10-16 02:34:45',0),(26,'stock',435.22,5,0.00,435.22,'2023-10-16 03:06:12',0),(27,'stock',540.22,6,0.00,540.22,'2023-10-16 03:26:35',0),(28,'stock',127.00,1,0.00,127.00,'2023-10-16 03:35:07',0),(29,'stock',1097.65,11,0.00,1097.65,'2023-10-16 07:42:54',0),(30,'stock',25.90,1,0.00,25.90,'2023-10-16 13:06:56',0),(31,'stock',397.62,12,0.00,397.62,'2023-10-16 14:51:39',0),(32,'stock',507.16,10,0.00,507.16,'2023-10-16 17:15:50',0),(33,'stock',240.00,1,0.00,240.00,'2023-10-16 17:19:38',0),(34,'stock',25.00,1,0.00,25.00,'2023-10-16 17:24:24',0),(35,'stock',51.80,1,0.00,51.80,'2023-10-16 18:29:18',0),(36,'stock',71.55,1,0.00,71.55,'2023-10-16 18:34:31',0),(37,'stock',6.00,1,0.00,6.00,'2023-10-16 19:07:11',0),(38,'sales',2.10,1,0.00,2.10,'2023-10-17 06:35:39',0),(39,'sales',294.40,33,0.00,294.40,'2023-10-17 07:06:31',0),(40,'sales',2.60,2,0.00,2.60,'2023-10-17 07:13:00',0),(41,'sales',355.90,49,0.00,355.90,'2023-10-17 07:38:45',0),(42,'sales',592.30,48,0.00,592.30,'2023-10-17 11:52:34',0),(43,'sales',170.50,39,0.00,170.50,'2023-10-17 12:13:29',0),(44,'sales',346.10,28,0.00,346.10,'2023-10-17 12:21:49',0),(45,'stock',1007.20,9,0.00,1007.20,'2023-10-17 14:57:21',0),(46,'stock',3.41,1,0.00,3.41,'2023-10-17 18:05:57',0),(47,'stock',4.62,1,0.00,4.62,'2023-10-17 18:19:33',0),(48,'stock',49.28,4,0.00,49.28,'2023-10-17 18:25:07',0),(49,'stock',344.50,2,0.00,344.50,'2023-10-17 18:28:07',0),(50,'stock',14.28,1,0.00,14.28,'2023-10-17 18:35:44',0),(51,'stock',124.60,3,0.00,124.60,'2023-10-17 18:40:04',0),(52,'stock',338.44,4,0.00,338.44,'2023-10-17 18:49:07',0),(53,'stock',450.20,5,0.00,450.20,'2023-10-17 18:57:03',0),(54,'stock',138.00,1,0.00,138.00,'2023-10-17 19:54:59',0),(55,'stock',12.00,1,0.00,12.00,'2023-10-17 19:56:51',0),(56,'stock',486.18,1,0.00,486.18,'2023-10-17 20:21:44',0),(57,'stock',57.00,1,0.00,57.00,'2023-10-17 20:25:38',0),(58,'stock',33.00,2,0.00,33.00,'2023-10-17 20:27:58',0),(59,'stock',19.00,1,0.00,19.00,'2023-10-17 20:31:34',0),(60,'stock',30.00,1,0.00,30.00,'2023-10-17 20:39:54',0),(61,'stock',212.00,1,0.00,212.00,'2023-10-17 20:48:45',0),(62,'stock',311.30,1,0.00,311.30,'2023-10-17 20:59:11',0),(63,'stock',35.20,1,0.00,35.20,'2023-10-17 21:06:18',0),(64,'stock',46.00,1,0.00,46.00,'2023-10-18 05:55:08',0),(65,'stock',22.20,1,0.00,22.20,'2023-10-18 06:08:38',0),(66,'stock',14.00,1,0.00,14.00,'2023-10-18 06:26:07',0),(67,'sales',110.80,18,0.00,110.80,'2023-10-18 06:45:27',0),(68,'stock',27.20,1,0.00,27.20,'2023-10-18 06:49:59',0),(69,'stock',390.00,1,0.00,390.00,'2023-10-18 06:56:52',0),(70,'sales',204.90,27,0.00,204.90,'2023-10-18 07:06:32',0),(71,'sales',404.80,28,0.00,404.80,'2023-10-18 08:24:28',0),(72,'sales',461.60,36,0.00,461.60,'2023-10-18 08:34:16',0),(73,'sales',349.80,20,0.00,349.80,'2023-10-18 10:45:29',0),(74,'sales',265.50,36,0.00,265.50,'2023-10-18 10:53:47',0),(75,'sales',121.40,41,0.00,121.40,'2023-10-18 13:02:55',0),(76,'stock',79.80,1,0.00,79.80,'2023-10-18 13:20:31',0),(77,'stock',56.70,1,0.00,56.70,'2023-10-18 13:29:37',0),(78,'stock',60.00,1,0.00,60.00,'2023-10-18 14:59:40',0),(79,'stock',335.00,1,0.00,335.00,'2023-10-18 15:08:49',0),(80,'stock',72.00,1,0.00,72.00,'2023-10-18 15:22:27',0),(81,'stock',37.50,1,0.00,37.50,'2023-10-18 15:27:31',0),(82,'stock',55.00,1,0.00,55.00,'2023-10-18 18:54:46',0),(83,'sales',1566.60,108,0.00,1566.60,'2023-10-18 19:48:11',0);
/*!40000 ALTER TABLE `orders` ENABLE KEYS */;
UNLOCK TABLES;

--
-- Table structure for table `products`
--

DROP TABLE IF EXISTS `products`;
/*!40101 SET @saved_cs_client     = @@character_set_client */;
/*!50503 SET character_set_client = utf8mb4 */;
CREATE TABLE `products` (
  `product_id` int NOT NULL AUTO_INCREMENT,
  `product_name` varchar(50) NOT NULL,
  `cost` double DEFAULT '0',
  `unit_cost` double DEFAULT '0',
  `selling_price` double GENERATED ALWAYS AS ((`unit_cost` + (`unit_cost` * (`profit_percent` / 100)))) VIRTUAL,
  `profit_percent` double NOT NULL DEFAULT '0',
  `micro_unit` int NOT NULL DEFAULT '1',
  `cumulative_quantity` int DEFAULT '0',
  `stock_sold` int DEFAULT '0',
  `stock_remaining` int GENERATED ALWAYS AS ((`cumulative_quantity` - `stock_sold`)) VIRTUAL,
  `stock_worth` double GENERATED ALWAYS AS ((`stock_remaining` * `selling_price`)) STORED,
  PRIMARY KEY (`product_id`),
  UNIQUE KEY `product_name_UNIQUE` (`product_name`)
) ENGINE=InnoDB AUTO_INCREMENT=220 DEFAULT CHARSET=utf8mb4 COLLATE=utf8mb4_0900_ai_ci;
/*!40101 SET character_set_client = @saved_cs_client */;

--
-- Dumping data for table `products`
--

LOCK TABLES `products` WRITE;
/*!40000 ALTER TABLE `products` DISABLE KEYS */;
INSERT INTO `products` (`product_id`, `product_name`, `cost`, `unit_cost`, `profit_percent`, `micro_unit`, `cumulative_quantity`, `stock_sold`) VALUES (1,'PROCAIN PENICILLIN POWDER (ESKAY)',0,3.89,55,1,150,9),(2,'GRISEOFULVIN 500MG (LTP)',0,0.04,47.3,10,10020,27),(3,'TAB GRISEOFULVIN 500MG',0,0.82,47.24,10,100,30),(4,'TAB MALAFAN',0,7,42.85,1,150,3),(5,'TAB ARFAN 20/120MG ',0,4.1,70.73,24,105,3),(6,'TAB LONART DS',0,24,16.66,1,30,2),(7,'TAB LUFART DS',0,18.5,35.13,1,30,2),(8,'SUSP LONART ',0,17,29.41,1,30,4),(9,'SUSP LUFART',0,17.13,28.44,1,30,3),(10,'SYR QUININE (OMER)',0,7.7,29.87,1,30,3),(11,'SYR TEEDAR',0,13,30.769,1,30,2),(12,'CANNULA-PINK',0,1.6,87.5,1,20,2),(13,'CANNULA-BLUE',0,1.6,87.5,1,20,6),(14,'CANNULA-YELLOW',0,1.6,87.5,1,70,4),(15,'GIVING SET',0,2.5,60,1,75,4),(16,'TAB LETAVIN (GRISOFULVIN) 125MG',0,0.2,53.06,10,1000,20),(17,'REDSUN ORANGE JELLY',0,2.38,110.52,4,40,15),(18,'ZINTABS 10MG',0,0.06,81.81,10,200,30),(19,'ZINTABS 20MG',0,0.1,110.52,10,100,30),(20,'FUROSEMIDE B/P',0,0.05,92.31,10,1000,30),(21,'GV PAINT S/S',0,0.8,87.5,1,50,4),(22,'HABIDOL EXTRA',0,38,57.89,10,600,12),(23,'PAINGAY CAP',0,0.59,35.59,10,200,37),(24,'PENLOX-500MGCAP (FLUCLOXACILLIN)',0,0.82,45.45,10,200,40),(25,'SKYCLAV-625MG',0,24,25,1,10,4),(26,'AWAY OINTMENT',0,5.5,45.45,1,20,3),(27,'CREPE BANDAGE',0,4.5,77.77,1,12,4),(28,'TAB CITRAMIN 10MG ',0,0.11,81.81,10,300,20),(29,'GOGYNAX CREAM',0,9,33.33,1,20,3),(30,'AMOXYCILLIN B/P CAPS (LTP)',0,0.21,88.679,10,2000,36),(31,'CHLORAMPHENICOL EAR DROP (TOBINCO)',0,5.5,45.45,1,30,4),(32,'GENTAMYCIN EYE DROPS 0.3% (ESKAY)',0,2.5,180,1,30,3),(33,'TAB KWIK ACTION',0,0.36,49.25,4,3332,12),(34,'TAB ZUDREX',0,0.24,66.66,10,2000,21),(35,'TAB GEBEDOL',0,0.21,65.4,10,1500,20),(36,'TAB GEBEDOL EXTRA',0,0.35,71.42,10,1000,20),(37,'TAB MIXTAB',0,0.34,49.25,4,2000,8),(38,'TAB EFPAC B/P',0,0.19,57.89,10,3000,20),(39,'TABS DICLO-100MG(POKU)',0,0.29,37.93,10,2000,24),(40,'TAB DICLO-50MG (POKU)',0,0.26,53.84,10,2000,20),(41,'TAB PARA B/P',0,0.06,141.93,10,8000,30),(42,'SYR PARA (LETAP)',0,3.8,57.89,1,60,2),(43,'INFUSION PARA (FEBRAMOL)',0,13,38.46,1,40,3),(44,'CAPS FELDEN (LETACAM)',0,0.1,100,10,2000,30),(45,'TAB VALIUM 5MG B/P (GR)',0,0.09,74.41,10,10000,20),(46,'INJ DIAZEPAM',0,4.3,62.79,1,20,3),(47,'INJ DICLOFENAC',0,0.4,150,10,200,3),(48,'TABS KWIK ACTION',0,0,36.98,4,0,18),(49,'TABS KWICK ACTION',0,0,40.84,4,0,14),(50,'SUPPO PARA-125MG (ENTRAMOL)',0,0.84,78.57,10,500,12),(52,'INJECTION DICLOFENAC',0,0.8,150,10,200,3),(53,'TABS HABIDOL EXTRA',0,0.19,84.21,10,1020,20),(54,'ANCIGEL-0 SUSP',0,20.5,21.95,1,4,3),(55,'BENZYL BENZOLATE (DANNEX)',0,16,25,1,10,2),(56,'TABS RONAMOL',0,0.13,125.71,10,600,20),(57,'TABS COLDRID ',0,0.23,113.31,4,800,8),(58,'CAP OXYTETRA B/P',0,0.11,163.15,10,1000,30),(59,'SYR MEGACID 200MLS',0,17,29.41,1,10,2),(60,'TAB MULTIVITAMIN B/P',0,0.03,233.33,10,2500,14),(61,'SRY LETALIN EXPECTORANT',0,4,75,1,1,3),(62,'SUPPO GACET',0,0.08,76.47,10,330,21),(63,'TAB ROXIDOL',0,0.34,44.92,10,90,20),(64,'SYR SAMALIN ADULTS',0,12.5,28,1,4,2),(65,'SYR SALOGEL-O',0,21.55,25.29,1,6,2),(66,'MARTINS LIVER SALT',0,0.8,88.06,1,22,3),(67,'JOY OINTMENT',0,5.98,34.45,1,1,3),(68,'ZEEDEX CIPROFLOXACIN TAB',0,0,122.22,10,0,11),(69,'SECURE CONTRACEPTIVE PILLS',0,1,50,30,11,7),(70,'TIME HERBAL MIXTURE',0,18,33.33,1,2,11),(71,'FIESTER CONDOM',0,1.33,50,3,36,7),(72,'KISS CONDOM',0,1,50,3,33,18),(73,'TAB ESKYPAM B/P',0,0.56,42.85,10,40,20),(74,'SUPPO LOFNAC 100',0,13.8,44.92,10,8,3),(75,'HYDROGEN PEROXIDE (LOCAL)',0,2.8,78.57,1,2,3),(76,'METHYLATED SPIRIT 60ML',0,2.8,78.57,1,6,4),(77,'TAB WARMZAP',0,0.74,102.7,1,18,2),(78,'RASCHECKS TEST KITS',0,0.5,100,1,17,3),(79,'KAMACLOX MOUTH WASH',0,17,29.41,1,2,3),(80,'SYR SAMALIN JUNIOR',0,12.5,28,1,7,2),(81,'SYR SIMPLE LINCTUS ADULT (DANNEX)',0,9.2,30.43,1,7,2),(82,'SYR LETAVIT 125ML',0,4.55,53.84,1,6,2),(83,'PENICILLIN OINTMENT',0,9.5,26.31,1,3,3),(84,'TAB STROBIN LOZENGES B/S',0,0.28,81,6,270,14),(85,'CAPS POLYFER',0,3.67,36.36,10,12,3),(86,'SYR LETARON',0,6.5,38.46,1,6,2),(87,'SYR DYNEWELL',0,6.5,38.46,1,4,2),(88,'TAB LETAFEN 400MG',0,0,72.41,10,0,20),(89,'CAPS FLUCLOXACILLIN 250MG',0,0.34,76.47,10,160,30),(90,'TAB BRAVO PLUS',0,1.46,36.986,4,416,2),(91,'TAB FOLIC ACID B/P ',0,0.02,100,10,530,10),(92,'CAPS OXYNIC 625MG ',0,24.5,22.44,1,7,3),(93,'FUNBACT A TRIPPLE ACTION CREAM ',0,9.5,26.315,1,13,3),(94,'INJ DICLONOVA-75MG',0,1.4,114.285,5,22,3),(95,'TAB PENICILLIN V B/P 125MG',0,1.54,94.8,10,3,11),(96,'TAB MENSTAK',0,0.46,52.17,10,30,20),(97,'TAB PARAFENAC',0,0.29,37.93,10,70,20),(98,'TAB SEPTRIN B/P',0,0.16,58.73,10,30,20),(99,'SUSP HABIDEN',0,3.5,71.42,1,3,3),(100,'SUSP AMOXYCILLIN',0,4.55,53.84,1,15,13),(101,'CAP INDOCID',0,0.07,102.7,10,200,30),(102,'TAB PELADOL EXTRA (10*20)',0,0.21,90.47,10,1570,20),(103,'INJ GENTAMYCIN 80MG',0,1.2,108.33,10,10,3),(104,'TAB PAIN-OFF',0,0,117.38,4,0,14),(105,'SYR ZINCOFER',0,0,16.455,1,0,2),(106,'SYR HAEMOGLOBIN (LTP)',0,8.96,33.92,1,2,2),(107,'TAB PIRITON (CPM)',0,0.02,367.28,10,430,20),(108,'SYR NUGEL-O (200ML)',0,46,10.86,1,3,1),(109,'CAPS LEENA ',0,0,47.058,30,0,30),(110,'INJ ARTESUNATE120ML (TOBINCO)',0,15,100,10,5,3),(111,'INJ CARTESUNATE 30MG',0,0,33.33,1,0,3),(112,'CAPS TABUCAP ',0,0.2,96.07,10,70,22),(113,'DICLORON GEL',0,5.95,68.06,1,8,3),(114,'GENTAMYCIN EYE DROPS (NOVAGENT)',0,3.44,45,1,4,3),(115,'COTTON WOOL 500',0,19,31.57,1,1,3),(116,'TABS SUPPER APETI  ',0,0,106.896,10,0,20),(117,'HYCID 20MG',0,0.38,31.57,10,310,21),(118,'GIFAS BITTERS MIXTURE',0,16,25,1,3,3),(119,'TAB CITRO - C',0,0.21,44.23,10,80,20),(120,'SYR AUNTY MARY GRIPE WATER 150ML',0,19.5,28.2,1,8,3),(121,'CONTRA 72 1.5MG',0,5,60,1,14,3),(122,'LYDIA POST PILLS',0,8.5,41.176,1,16,5),(123,'TAB METHRONIDAZOLE (FLAGYL) B/P 200MG',0,0.07,185.71,10,370,20),(124,'INJ CARTESUNAT 30MG',0,6.9,44.92,1,8,3),(125,'',0,0,0,1,0,0),(126,'INJ ARTESUNATE 60ML',0,9.5,57.89,1,12,3),(127,'TAB COLDRILIF',0,0.55,45.45,10,120,24),(128,'SYR KOFOF',0,10.5,33.33,1,2,2),(129,'ANGEL HERBAL MIXTURE',0,16,25,1,2,3),(130,'SYR NEXCOFER',0,24.65,21.7,1,2,1),(131,'SYR HAEMOGLOBIN',0,10,40,1,10,2),(132,'SYR FOLIGROW PLUS',0,33,21.21,1,5,2),(133,'SYR XFERON',0,11.2,33.92,10,2,2),(134,'SYR CITRAMIN',0,2.99,67.22,1,4,4),(135,'LAW-CARE HERBAL MIXTURE',0,18,27.77,1,1,5),(136,'CAP XFERON',0,0.38,33.92,10,270,30),(137,'TAB ALBENDAZOLE',0,1.37,46.19,1,26,2),(138,'TAB PHENOBARBITONE 60MG',0,2.5,60,10,250,11),(139,'TAB PHENOBARBITONE 30MG',0,0,42.85,10,0,20),(140,'FORTE TOBCEE',0,0.14,43.28,20,200,60),(142,'ESSENTIAL EMBROCATION BALM',0,4.33,61.66,1,16,3),(143,'VAGINAX 100 CREAM',0,5.5,45.45,1,10,2),(144,'ORS (ENTRANCE)',0,1.51,32.27,1,50,3),(145,'GROFYNN HERBAL TONIC',0,12,33.33,1,2,12),(146,'HEPA PLUS MIXTURE',0,9,33.33,1,1,3),(147,'ASP OINTMENT',0,6,33.33,1,10,3),(148,'CAP REVODIUM 2MG (LOPERAMIDE)',0,0.12,66.66,10,300,30),(149,'TAB DEXACORTINE ',0,0.03,85.18,100,6000,200),(150,'SUSP CHLORAMPHENICOL (LTP)',0,8.77,36.83,1,10,3),(152,'GAUZE BANDAGE 4INCHES',0,1.38,53.84,1,48,3),(154,'GAUZE BANDAGE 6INCHES',0,2.08,44.02,12,48,3),(155,'SYR ZINCOFER ',0,39.5,13.92,1,5,2),(156,'MIST MAG TRISILICATE',0,3.9,53.84,1,15,3),(157,'SYR EFPAC JUNIOR',0,9.5,47.36,1,15,2),(158,'SYR PROMECINE',0,4.1,46.34,1,10,2),(159,'INFUSION NORMAL SALINE',0,6.89,45.13,1,20,3),(160,'TAB DICLO SODIUM (EFAH)',0,0.28,40.35,10,340,30),(161,'SYR DUROL',0,16.3,27.77,1,8,3),(162,'TAB PANACIN',0,0.2,50,10,170,20),(163,'LOFNAC GEL',0,9.5,47,1,6,3),(164,'CAPS GYAMERA KOO BITTERS ',0,0,66,1,0,50),(165,'TAB ALUMINIUM HYDROOXIDE',0,0.1,110,10,2530,20),(166,'SYR SEPTRIN',0,4.55,53,1,4,2),(167,'GLUCOSE POWDER',0,8.42,42.01,1,3,3),(168,'CAP CHLORAMPHENICOL B/P',0,0,134.37,10,0,20),(169,'PIVOT MAN',0,0.83,66.66,30,240,61),(171,'INFUSION PARA (ALMOL)',0,15,33.33,1,10,3),(172,'INJ MEPACID 40ML ',0,12.7,33.85,1,10,3),(173,'INJ CIPRO',0,6.5,38.46,1,3,3),(174,'CAP AMOXYCILLIN 500MG B/P',0,0.62,44.69,10,1180,30),(175,'CAP CHLORAMPHENICOL 250MG B/P',0,0.13,134.37,10,660,30),(176,'TOBLIS',0,0,42.85,4,0,5),(177,'TAB TOBLIS',0,5.25,33.33,4,20,5),(178,'SYRINGE & NEEDLE',0,0.54,177.26,1,3,3),(179,'MILK OF MAGNESIA',0,3.99,50.37,1,6,3),(180,'TAB BISACODYL',0,0.1,100,10,506,11),(181,'TAB VITAMIN C',0,0.02,155.1,10,230,20),(182,'TAB AKUMA APC',0,0.24,104.49,4,184,1),(184,'METHRONIDAZOLE IV',0,6,50,1,6,3),(185,'TAB ERYTHROMYCIN',0,0.81,48.14,10,150,20),(186,'MAGIC STONE CREAM',0,6,50,1,20,2),(187,'FACE MASK',0,0.12,316.66,100,800,102),(188,'TAB PREDNISOLINE',0,0.13,53.84,10,530,20),(189,'CAP DOXYCICLIN',0,0.35,43.85,10,90,30),(190,'GYAMERA KOO HERBAL CAPS',0,0.5,66.66,30,8580,90),(191,'CAP AMPICILLIN 250MG ',0,0.22,53.84,10,320,30),(192,'TAB PARDICRO',0,0,50,10,0,20),(193,'TAB PARDICRON',0,0.2,50,10,140,20),(194,'TAB CAFALGIN',0,0.24,22.95,10,90,20),(195,'NASAL DROP',0,3.5,100,1,7,3),(196,'XVY',0,1.8,1,1,1,0),(197,'KINGDOM GARLIC PILLS',0,0,66.66,1,0,3),(198,'KINGDOM GARLIC BITTERS',0,19,66.66,1,2,3),(199,'CAP LIBRIUM (CHLORDIAZEPOXIDE)',0,0.15,102.7,10,350,30),(200,'TAB GASTRONE ',0,0.3,50,10,20,20),(201,'CAPS MEPACID 20MG (ENTRANCE)',0,3.18,57.48,1,40,2),(202,'TAB CIPRO (ENTRANCE)',0,0,43.26,10,0,10),(203,'SYR COLDRILIF (ENTRANCE)',0,9.5,26.32,1,10,2),(204,'TAB CIPRO 500MG (ENTRANCE)',0,0.17,43.26,10,1600,10),(205,'SYR KOFOF FAMILY (ENTRANCE)',0,11.9,26.05,1,10,1),(206,'TAB METHRONIDAZOLE (ENTRANCE XZOLE)',0,0,34.23,10,0,10),(207,'TAB VITAMIN C (ENTRANCE)',0,1.8,67.03,10,50,1),(208,'SYR METHRONIDAZOLE (ENTRANCE XZOLE)',0,8.3,32.53,1,60,1),(209,'TOBINS BABY GRIPE WATER',0,12.82,32.81,1,5,1),(210,'TAB SUPPER APPETI ',0,0.07,37.93,10,800,10),(211,'XYZ1',0,3.41,1,1,1,0),(212,'TAB HABIDOL EXTRA (1*10*20)',0,0,110.52,10,0,0),(213,'TABS GRISOFULVIN 500MG',0,0.81,48.14,10,70,0),(214,'CAPS PIVOT MAN',0,0.5,66.66,30,120,30),(215,'TAB TOBCEE FORT',0,1.68,19.4,20,200,0),(216,'TAB AROGRA (AK)',0,3,66.66,1,24,0),(217,'WATER FOR INJECTION',0,0,70.45,100,0,0),(218,'TAABEA MIXTURE',0,0,28.2,1,0,0),(219,'TAB NIFEDIPINE 20MG ESKAY',0,0,71.42,10,0,0);
/*!40000 ALTER TABLE `products` ENABLE KEYS */;
UNLOCK TABLES;

--
-- Table structure for table `users`
--

DROP TABLE IF EXISTS `users`;
/*!40101 SET @saved_cs_client     = @@character_set_client */;
/*!50503 SET character_set_client = utf8mb4 */;
CREATE TABLE `users` (
  `user_id` int NOT NULL AUTO_INCREMENT,
  `first_name` varchar(50) NOT NULL,
  `last_name` varchar(50) NOT NULL,
  `sex` char(1) NOT NULL,
  `dob` date NOT NULL,
  `contact` char(10) NOT NULL,
  `branch_id` int DEFAULT NULL,
  `role` varchar(50) NOT NULL,
  `user_name` varchar(50) NOT NULL,
  `user_password` varchar(10) NOT NULL,
  PRIMARY KEY (`user_id`),
  KEY `branch_id` (`branch_id`),
  CONSTRAINT `users_ibfk_1` FOREIGN KEY (`branch_id`) REFERENCES `branches` (`branch_id`)
) ENGINE=InnoDB AUTO_INCREMENT=3 DEFAULT CHARSET=utf8mb4 COLLATE=utf8mb4_0900_ai_ci;
/*!40101 SET character_set_client = @saved_cs_client */;

--
-- Dumping data for table `users`
--

LOCK TABLES `users` WRITE;
/*!40000 ALTER TABLE `users` DISABLE KEYS */;
INSERT INTO `users` VALUES (1,'CHARLES L.','SAALIDONG','M','1974-05-08','0244831141',1,'Admin','charles','Wisijima1.'),(2,'Enoch Justice','Arthur','M','1996-06-06','0548489847',1,'Admin','*','**');
/*!40000 ALTER TABLE `users` ENABLE KEYS */;
UNLOCK TABLES;
SET @@SESSION.SQL_LOG_BIN = @MYSQLDUMP_TEMP_LOG_BIN;
/*!40103 SET TIME_ZONE=@OLD_TIME_ZONE */;

/*!40101 SET SQL_MODE=@OLD_SQL_MODE */;
/*!40014 SET FOREIGN_KEY_CHECKS=@OLD_FOREIGN_KEY_CHECKS */;
/*!40014 SET UNIQUE_CHECKS=@OLD_UNIQUE_CHECKS */;
/*!40101 SET CHARACTER_SET_CLIENT=@OLD_CHARACTER_SET_CLIENT */;
/*!40101 SET CHARACTER_SET_RESULTS=@OLD_CHARACTER_SET_RESULTS */;
/*!40101 SET COLLATION_CONNECTION=@OLD_COLLATION_CONNECTION */;
/*!40111 SET SQL_NOTES=@OLD_SQL_NOTES */;

-- Dump completed on 2023-10-26 22:12:21
